0,0,0,0,ID,0,0,0,0,0,0,0,0,0,0,0,ECLS,0,ApprEmail,0,EmplEmail
0,0,0,0,1,0,0,0,0,0,0,0,0,0,0,0,0,0,1@mail.com,0,manager1@mail.com
0,0,0,0,2,0,0,0,0,0,0,0,0,0,0,0,0,0,2@mail.com,1,manager1@mail.com
0,0,0,0,3,0,0,0,0,0,0,0,0,0,0,0,0,0,3@mail.com,2,manager1@mail.com
0,0,0,0,4,0,0,0,0,0,0,0,0,0,0,0,0,0,4@mail.com,3,manager1@mail.com
0,0,0,0,5,0,0,0,0,0,0,0,0,0,0,0,0,0,5@mail.com,4,manager2@mail.com
0,0,0,0,6,0,0,0,0,0,0,0,0,0,0,0,0,0,6@mail.com,5,manager2@mail.com
0,0,0,0,7,0,0,0,0,0,0,0,0,0,0,0,0,0,7@mail.com,6,manager2@mail.com
0,0,0,0,8,0,0,0,0,0,0,0,0,0,0,0,0,0,8@mail.com,7,manager2@mail.com
0,0,0,0,9,0,0,0,0,0,0,0,0,0,0,0,0,0,9@mail.com,8,manager2@mail.com
0,0,0,0,10,0,0,0,0,0,0,0,0,0,0,0,0,0,10@mail.com,9,manager2@mail.com
